symbol,weight,ffmc,asof
HDFCBANK,0.10655598829299733,11025640199332.67,01-Oct-2026 16:00:00
ICICIBANK,0.09054227656418717,9368657550059.1,01-Oct-2026 16:00:00
RELIANCE,0.07525082005511392,7786408628213.52,01-Oct-2026 16:00:00
BHARTIARTL,0.05103223103102011,5280444834034.96,01-Oct-2026 16:00:00
LT,0.04166574700397686,4311269056405.18,01-Oct-2026 16:00:00
SBIN,0.0380038139444697,3932358804668.34,01-Oct-2026 16:00:00
INFY,0.03523142656984874,3645492283364.14,01-Oct-2026 16:00:00
AXISBANK,0.03372365725508,3489479259276.53,01-Oct-2026 16:00:00
KOTAKBANK,0.029691811217578416,3072293097703.3,01-Oct-2026 16:00:00
BAJFINANCE,0.02493909545097202,2580516569215.68,01-Oct-2026 16:00:00
M&M,0.024627550823276882,2548280192583.74,01-Oct-2026 16:00:00
ITC,0.023777927271966304,2460367314746.49,01-Oct-2026 16:00:00
ETERNAL,0.021922493503365552,2268380496605.1,01-Oct-2026 16:00:00
TCS,0.020417231392029386,2112626899729.39,01-Oct-2026 16:00:00
SUNPHARMA,0.018380346463812366,1901864832709.64,01-Oct-2026 16:00:00
TITAN,0.01798710546527435,1861175108640.97,01-Oct-2026 16:00:00
HINDUNILVR,0.015700545564276674,1624578487780.02,01-Oct-2026 16:00:00
NTPC,0.014431934627994275,1493311836693.95,01-Oct-2026 16:00:00
MARUTI,0.014270924621932359,1476651690007.03,01-Oct-2026 16:00:00
TATASTEEL,0.01423438659854082,1472871000568.89,01-Oct-2026 16:00:00
BEL,0.013223802082557403,1368303050491.68,01-Oct-2026 16:00:00
HINDALCO,0.013142371631855254,1359877218540.85,01-Oct-2026 16:00:00
ADANIPORTS,0.01312585167806006,1358167853637.26,01-Oct-2026 16:00:00
SHRIRAMFIN,0.012758410116365703,1320147668020.07,01-Oct-2026 16:00:00
HCLTECH,0.01262306967500291,1306143621557.83,01-Oct-2026 16:00:00
ULTRACEMCO,0.01221812000025783,1264242368666.26,01-Oct-2026 16:00:00
BSE,0.011995764198987518,1241234604388.39,01-Oct-2026 16:00:00
JSWSTEEL,0.011440841556331243,1183815237402.02,01-Oct-2026 16:00:00
POWERGRID,0.011109281949718969,1149507856036.58,01-Oct-2026 16:00:00
GRASIM,0.010773656735067562,1114779795062.71,01-Oct-2026 16:00:00
INDIGO,0.010755411631851182,1112891924219.54,01-Oct-2026 16:00:00
BAJAJ-AUTO,0.010563396466538876,1093023588713.82,01-Oct-2026 16:00:00
ASIANPAINT,0.010484976154843246,1084909224097.37,01-Oct-2026 16:00:00
BAJAJFINSV,0.009707184331020205,1004428972007.97,01-Oct-2026 16:00:00
COALINDIA,0.009706532838597157,1004361560301.09,01-Oct-2026 16:00:00
TECHM,0.009385389517715318,971131980573.24,01-Oct-2026 16:00:00
ADANIENT,0.009204939351626086,952460307239.04,01-Oct-2026 16:00:00
EICHERMOT,0.009201916527002517,952147527289.09,01-Oct-2026 16:00:00
NESTLEIND,0.009037220041081387,935105930425.78,01-Oct-2026 16:00:00
ONGC,0.00832461802755728,861371046705.94,01-Oct-2026 16:00:00
TRENT,0.008272711619249414,856000148352.78,01-Oct-2026 16:00:00
APOLLOHOSP,0.00806756421823119,834772984420.56,01-Oct-2026 16:00:00
SBILIFE,0.007458024771467597,771702266997.94,01-Oct-2026 16:00:00
CIPLA,0.007290197692454205,754336739085.81,01-Oct-2026 16:00:00
DRREDDY,0.007090174612878134,733639802739.97,01-Oct-2026 16:00:00
MAXHEALTH,0.006749438099763036,698382861703.0,01-Oct-2026 16:00:00
JIOFIN,0.006722211121515376,695565611629.28,01-Oct-2026 16:00:00
TATACONSUM,0.0060063104781861556,621489409641.32,01-Oct-2026 16:00:00
TMPV,0.005634424485246986,583009346540.18,01-Oct-2026 16:00:00
HDFCLIFE,0.005538874671256989,573122545366.04,01-Oct-2026 16:00:00
